{"Fid":"dhy6OXXEQnKaCHWTbxz6Qg","Status":3,"RefreshToken":"3_AS3qfwIprfd70I-wtW4Se7ff4TiFzByrryOSKpIMlu6x8b8Gs3ZHHLWU6IpHry08ukQ-CSTgkL6hSuBhjRMtTjHCoO8bpgVmlqo5PvAObtvGUm4","AuthToken":"eyJhbGciOiJFUzI1NiIsInR5cCI6IkpXVCJ9.eyJhcHBJZCI6IjE6MzY3MjY5MDA4OTg2OmFuZHJvaWQ6NzliMWNhNTQ5NTQxMTEyNCIsImV4cCI6MTc1NzgzMDg2NywiZmlkIjoiZGh5Nk9YWEVRbkthQ0hXVGJ4ejZRZyIsInByb2plY3ROdW1iZXIiOjM2NzI2OTAwODk4Nn0.AB2LPV8wRAIgS4ozF24luuYzq1f1JoczOTbbXX9FCtKM8FcgTl1kAngCIHjyXJHX0lzvwNPfwtL299Cfs0e8ar8QAc6vTVqSsK7g","TokenCreationEpochInSecs":1757226066,"ExpiresInSecs":604800}