{"Fid":"eXgWDSHlR4CirC4w7LTzSX","Status":3,"RefreshToken":"3_AS3qfwJfAdPFlWgRENOPx3kQSIyACaandsVQix1hqP-FtVlNhlNy7Ok3r0aDMWyVl-0fGcvXKDXoCf-fClPBizYrMOuwrBtJSe_bqtOVWjO77dE","AuthToken":"eyJhbGciOiJFUzI1NiIsInR5cCI6IkpXVCJ9.eyJhcHBJZCI6IjE6MzY3MjY5MDA4OTg2OmFuZHJvaWQ6NzliMWNhNTQ5NTQxMTEyNCIsImV4cCI6MTc1NzgzMDU2MiwiZmlkIjoiZVhnV0RTSGxSNENpckM0dzdMVHpTWCIsInByb2plY3ROdW1iZXIiOjM2NzI2OTAwODk4Nn0.AB2LPV8wRQIhAM-4nQB2cnemGBqQa7Q100diqfaihRJHwAlApD70DTjpAiAzvhFDJqizEE0PJdiCmzBCrdsv8HSDdxz0N2y1hAbpKw","TokenCreationEpochInSecs":1757225761,"ExpiresInSecs":604800}