{"Fid":"cH8FFNrzQpmOzWs6rBUerz","Status":3,"RefreshToken":"3_AS3qfwJ8NeA1PsWaK94Q_VqSC-aXjcs3nYvgZxXGjFhmF4_i0tQVIdfC-aBHiTcAoyiW_beMS41l4biOxOGc8UikqrBp1R0F4NZ4AraRkmzZMu4","AuthToken":"eyJhbGciOiJFUzI1NiIsInR5cCI6IkpXVCJ9.eyJhcHBJZCI6IjE6MzY3MjY5MDA4OTg2OmFuZHJvaWQ6NzliMWNhNTQ5NTQxMTEyNCIsImV4cCI6MTc1ODUyMzE0MCwiZmlkIjoiY0g4RkZOcnpRcG1PeldzNnJCVWVyeiIsInByb2plY3ROdW1iZXIiOjM2NzI2OTAwODk4Nn0.AB2LPV8wRQIgFL45oDL22QnDVirp94t4E8lH9h5RWtFDzP4qjBb8GlECIQCNapkcaj3H-ji_t9ddidt0YG9STrsMiQOOO5OWP1Ikjw","TokenCreationEpochInSecs":1757918340,"ExpiresInSecs":604800}