{"Fid":"ecBKlR-nRhSZLESYWbi2di","Status":3,"RefreshToken":"3_AS3qfwIrTTVJqdZkRnaxso6GZqqaRE-xyGut4PCtMn6bBxcYBhC_h7K8zMnr3_z9HePzFR8XazoRHqFdUymxZAFRsoz86MR2f35oTJMF6803SjU","AuthToken":"eyJhbGciOiJFUzI1NiIsInR5cCI6IkpXVCJ9.eyJhcHBJZCI6IjE6MzY3MjY5MDA4OTg2OmFuZHJvaWQ6NzliMWNhNTQ5NTQxMTEyNCIsImV4cCI6MTc1NzA2MDc1MiwiZmlkIjoiZWNCS2xSLW5SaFNaTEVTWVdiaTJkaSIsInByb2plY3ROdW1iZXIiOjM2NzI2OTAwODk4Nn0.AB2LPV8wRgIhANUAqgXlHq7KWyAblLKxb6RlzpWhnwfre7KVRgyCeACoAiEArjVejI7H4nUBSrDqH3OtDTu4Rq0s_UBuoarI0_Vu60c","TokenCreationEpochInSecs":1756455952,"ExpiresInSecs":604800}