<?xml version='1.0' encoding='utf-8' standalone='yes' ?>
<map>
    <boolean name="bg_startup_tracing" value="false" />
    <boolean name="show_closed_captions" value="true" />
    <boolean name="stream_over_cellular" value="true" />
    <boolean name="googlecast-introOverlayShown" value="true" />
    <boolean name="promo_updates" value="true" />
    <boolean name="content_updates" value="true" />
    <boolean name="sync_over_cellular" value="false" />
    <boolean name="general_updates" value="true" />
</map>
