<?xml version='1.0' encoding='utf-8' standalone='yes' ?>
<map>
    <boolean name="namespaceSharedPreferences" value="false" />
    <string name="device.id">dcfc6af0e253979882035a95658d8d80f5c42b988d18566d2364203e120c8d21</string>
    <int name="build" value="955" />
    <string name="version">3.90.0</string>
    <string name="traits-wSgiSNwwTtjusY4M1GugEJ3I3kBxgBvU">{&quot;pushNotificationAndroid&quot;:&quot;disabled&quot;,&quot;anonymousId&quot;:&quot;06f3ffd2-2f31-42f1-a0e5-fef115ea282a&quot;,&quot;subscriber_key&quot;:&quot;537d2ac81edd7bffd30e9a3c85a2814225a1726f1ae99add0f76c809c06f4e2c&quot;,&quot;syncUsingCellular&quot;:false,&quot;userId&quot;:&quot;4ee15ba2-344b-5720-b73c-8916fa063ff6&quot;,&quot;subStatus&quot;:&quot;Mega Fan&quot;,&quot;createdAt&quot;:&quot;2025-08-16T15:21:58+0000&quot;,&quot;phoneNumber&quot;:&quot;&quot;,&quot;pushNotificationOptOut&quot;:&quot;&quot;,&quot;externalUserId&quot;:&quot;1238431562&quot;,&quot;profileId&quot;:&quot;4ee15ba2-344b-5720-b73c-8916fa063ff6&quot;,&quot;email&quot;:&quot;sejolag574@oveaton.com&quot;,&quot;username&quot;:&quot;TheBestHerFarm&quot;}</string>
</map>
