<?xml version='1.0' encoding='utf-8' standalone='yes' ?>
<map>
    <long name="sites_visited_weekly_time" value="1758107397695" />
    <set name="related_sites_visited_weekly_set">
        <string>2037868067</string>
    </set>
    <string name="origins_visited_date">9/17/25</string>
    <set name="origins_visited_set">
        <string>1169271134</string>
        <string>4242250194</string>
    </set>
    <set name="sites_visited_weekly_set">
        <string>0</string>
        <string>2037868067</string>
    </set>
</map>
