{"Fid":"cwAp5OuoTwel0pXOMNGSQt","Status":3,"RefreshToken":"3_AS3qfwK_rAJI6zdNAUlUqI80gaKXz1lapIjKbSKUZ25KXIOtb_QKOViOuWHgIE5HYXgmLN_0wY3eswGjO-bNXKH4At6AA9TCOh0nA4T9cbTHaQ","AuthToken":"eyJhbGciOiJFUzI1NiIsInR5cCI6IkpXVCJ9.eyJhcHBJZCI6IjE6MzY3MjY5MDA4OTg2OmFuZHJvaWQ6NzliMWNhNTQ5NTQxMTEyNCIsImV4cCI6MTc1NzgzMDcwMiwiZmlkIjoiY3dBcDVPdW9Ud2VsMHBYT01OR1NRdCIsInByb2plY3ROdW1iZXIiOjM2NzI2OTAwODk4Nn0.AB2LPV8wRQIhAKgu_L25Dom07R0luZ-2cQtO582psylcLU0lE2iv2QHYAiALOPf_MVYwwiwDdhDIoOufeJBwGecsWeFy59L913dJvg","TokenCreationEpochInSecs":1757225901,"ExpiresInSecs":604800}