{"Fid":"f6Rm6_-HQ2ODI4bErS8M2b","Status":3,"RefreshToken":"3_AS3qfwKw2hma9bmRlIn4YWko-if1eRZw_J3uJMw5792HK_QECa8dIgZci6cOyXz0iDdC0acxVwO2QrHWQ_nkzVsdJ5GfSewwcsimduZGEGBX7AI","AuthToken":"eyJhbGciOiJFUzI1NiIsInR5cCI6IkpXVCJ9.eyJhcHBJZCI6IjE6MzY3MjY5MDA4OTg2OmFuZHJvaWQ6NzliMWNhNTQ5NTQxMTEyNCIsImV4cCI6MTc1NzA2OTkxOCwiZmlkIjoiZjZSbTZfLUhRMk9ESTRiRXJTOE0yYiIsInByb2plY3ROdW1iZXIiOjM2NzI2OTAwODk4Nn0.AB2LPV8wRQIgLNgmmdUJGjJTXKFwq_GlWbLQvgHC59shf--7-DgU0EcCIQDB1ZNabanVkzT3PK9c3dWDQNQhDonYUKWFKspJ-68tKg","TokenCreationEpochInSecs":1756465118,"ExpiresInSecs":604800}