{"Fid":"e-o51fxEQ6GfsS-oYO8EWt","Status":3,"RefreshToken":"3_AS3qfwIoHx4bjcoHO94wM7P60O651YmToSOPkC5I64KjnUudUE-qQyRq780urBJLCLJUsXkzUaFESVf2gTjO3wWjWrcTimRBzwDcwAyooXg0HA","AuthToken":"eyJhbGciOiJFUzI1NiIsInR5cCI6IkpXVCJ9.eyJhcHBJZCI6IjE6MzY3MjY5MDA4OTg2OmFuZHJvaWQ6NzliMWNhNTQ5NTQxMTEyNCIsImV4cCI6MTc1ODcxMjIxNSwiZmlkIjoiZS1vNTFmeEVRNkdmc1Mtb1lPOEVXdCIsInByb2plY3ROdW1iZXIiOjM2NzI2OTAwODk4Nn0.AB2LPV8wRQIhANZNCsRfDKR7_SJpBlVo3YhvjfUUMCo0bcJgKtZbmezYAiAmpuEJtMwX-yv4cqTP0lMk_IgT2YilCAdUg8zoHOJVsQ","TokenCreationEpochInSecs":1758107415,"ExpiresInSecs":604800}