{"Fid":"fO-8zSKmTRKMwOTqej7Ooi","Status":3,"RefreshToken":"3_AS3qfwIJWw-kfqlnx6BDQgjajb2w_bGKXBCmxq11907yioRdo1unrXPldijfFpBaxa9LjnqzaqO79euNhY4fqAGFw6iq-GIOCh6K82h-qD-jIrQ","AuthToken":"eyJhbGciOiJFUzI1NiIsInR5cCI6IkpXVCJ9.eyJhcHBJZCI6IjE6MzY3MjY5MDA4OTg2OmFuZHJvaWQ6NzliMWNhNTQ5NTQxMTEyNCIsImV4cCI6MTc1NzA3MTQ0OCwiZmlkIjoiZk8tOHpTS21UUktNd09UcWVqN09vaSIsInByb2plY3ROdW1iZXIiOjM2NzI2OTAwODk4Nn0.AB2LPV8wRQIhANUc8kVqGZtdQW5aPJXj9QifYdrww5c6oe22O1M-bT3EAiAAjb2zmi6cA43AmZ7eeA05fhQs32JTh_GKTLgeZEh7yg","TokenCreationEpochInSecs":1756466648,"ExpiresInSecs":604800}